{
  "benchmark": "msmarco",
  "num_samples": 200,
  "rouge_l": 0.061638459632455816,
  "rouge_1": 0.07274789670486626,
  "avg_latency_sec": 2.171381098031998,
  "tokens_per_sec": 58.948657200714834,
  "gpu_memory_mb": 15630.7314453125,
  "model": "Qwen/Qwen3-8B",
  "compression": "baseline"
}